actual,predicted,probability
1,1,0.6391535922246407
0,1,0.5164487786491859
1,1,0.517266637565128
1,0,0.31912256266977673
1,1,0.7013469693994594
1,1,0.5030332717377906
0,1,0.7265642979189678
1,1,0.6258602760917824
1,1,0.6603776966393604
1,1,0.5380003603801844
0,0,0.44922645591961236
1,1,0.7028136938416047
1,0,0.35044384785119925
1,1,0.6259807286688717
1,1,0.5174027345623174
0,1,0.6629560092332392
0,1,0.6167731231741643
1,1,0.5590623568991792
0,0,0.4343328662538821
0,1,0.6410514464928793
1,0,0.47496252582827525
1,1,0.5025036901054595
0,1,0.6000129777277561
1,1,0.5397173565310013
0,0,0.4409453244944852
1,1,0.6724216282621766
0,1,0.7110695758137233
1,0,0.37444225669160813
1,1,0.5779668411533853
1,1,0.5539448277169884
1,1,0.75839039752227
1,1,0.711436381163189
0,1,0.6073147668665875
1,1,0.6073821923471
0,1,0.5739377788998669
0,0,0.36689331150276155
0,1,0.7102987557992597
1,1,0.6673057399461677
1,1,0.6174447413126084
1,1,0.688081916280118
1,1,0.8294657898655616
1,1,0.6651154936684404
1,1,0.6619982634468923
1,1,0.7363663577354945
1,1,0.7001439632173765
1,1,0.5933293108596708
1,0,0.4171889350548474
1,1,0.5954158352064358
1,1,0.5765186438736746
1,1,0.7603995345668991
1,0,0.43413412470542184
1,1,0.6366844638530211
0,0,0.4593591071351774
0,1,0.5089277101871679
0,1,0.6061531385312129
1,1,0.6002522551594766
0,1,0.7440489202000914
0,1,0.6019012999804985
1,1,0.716048564261195
0,0,0.37470234023489674
1,1,0.540307992156223
0,1,0.559601739261982
1,1,0.742500314112797
1,1,0.6216291863638567
0,1,0.808543974206732
0,0,0.4567935548110733
0,0,0.45369739877449006
1,1,0.7848116153867585
1,1,0.7265035846183876
1,1,0.6479246670281107
0,1,0.5756262443490858
0,1,0.6132298577044029
1,1,0.6753299315216144
1,1,0.5704397844575586
1,1,0.598360262236772
0,1,0.6411771351259605
1,1,0.7361682128789998
1,1,0.7010141581966924
0,0,0.2403952063261684
1,1,0.6704751673997197
0,1,0.7263019908794073
0,1,0.6445994515965523
1,1,0.591402792765274
1,1,0.6597222237837308
1,1,0.5246871696462344
0,1,0.7069672233672522
1,1,0.7104291060401401
1,1,0.6726994823780159
0,0,0.38932399458019534
1,1,0.755140197662206
1,1,0.6180308423840879
0,0,0.4202406853533478
1,1,0.7131796156074621
0,1,0.6497010295171249
1,1,0.7514740820460521
0,1,0.6930317659326742
0,1,0.600462219949996
0,1,0.7050745787529986
0,0,0.35811710317013856
1,1,0.7025513851679497
0,1,0.5702225894803093
1,1,0.5572782644104102
1,1,0.6036532492022648
0,0,0.46311540693571
0,1,0.6901362296175626
1,1,0.6235084518407453
1,1,0.6078961714280532
0,1,0.6513001720840121
1,1,0.6066931477050073
1,0,0.44953418429334024
0,1,0.5032218857318406
1,1,0.60920173382106
1,1,0.7386328486103001
1,1,0.534542140986727
1,0,0.42582712178404875
0,1,0.5235304327048447
1,1,0.7249677387804391
1,1,0.8142460305027681
1,1,0.8380817967341823
1,1,0.580740217252468
1,0,0.2695385993871146
1,0,0.4589851751091302
1,1,0.7205677800096124
1,0,0.46558302941238083
0,1,0.6622123025673268
0,1,0.5080646634439153
1,1,0.6249786700057642
0,0,0.45142080845401233
0,1,0.7497189985721806
1,1,0.8955678748677149
1,1,0.5498479222664067
0,1,0.6270343071621292
1,1,0.5837422389202253
1,1,0.6087405094204655
1,1,0.6319660902226909
0,1,0.5069397692559877
1,1,0.7541394841227479
0,1,0.5856013039004127
1,1,0.5090942932074004
1,1,0.6582302339259926
0,1,0.6318630414088303
1,0,0.26773533439004216
1,1,0.7678520045602139
1,1,0.5136747962115041
1,0,0.2978414574571056
0,1,0.5490965063846404
1,1,0.7977751216580198
0,1,0.6918177128729869
0,0,0.33578937452208535
1,1,0.7581639482901886
0,1,0.618153647153487
1,1,0.7996403730509255
0,1,0.6613619775764785
0,1,0.7633215410375701
1,0,0.4195522224925643
0,1,0.5052040343417721
1,1,0.5791940568131051
1,1,0.9107402767031669
0,1,0.6748831261160677
0,1,0.6155077218105528
1,1,0.6232979151808876
0,1,0.5042743266563846
0,0,0.4271827216009947
1,1,0.6028871019811697
1,0,0.4574315556540169
1,1,0.5330871894886338
1,0,0.33159678221490446
0,1,0.6396943848749228
1,1,0.5790312849981776
1,1,0.6198167649236312
0,1,0.5100679121484908
1,1,0.73827321948378
0,1,0.7596295788754507
1,0,0.45202007204786676
1,0,0.3825200797120747
1,1,0.8085721735187914
1,1,0.6601241903074009
0,0,0.4911339380672596
1,1,0.7384509648633384
1,1,0.6852576272822288
0,0,0.44068541977184766
1,1,0.5960836664962095
0,1,0.5859966574128687
0,1,0.7053520682470246
0,1,0.6467212498927809
0,1,0.5298944289647153
0,1,0.6473284156586232
1,1,0.7427033028922156
0,1,0.7024091132388406
0,1,0.6229658644683524
1,1,0.8412124209575899
0,1,0.5911786524639008
1,1,0.7524699351056734
0,1,0.7014915665744131
0,0,0.3592430613740191
1,0,0.39465447166277556
1,1,0.7561658988693659
0,0,0.3832107023211372
1,0,0.4422537165459071
1,1,0.6111959853148948
0,1,0.5990068211728292
1,1,0.5322877403367126
1,1,0.712017978348459
0,1,0.5264602551213449
0,1,0.58995683514522
1,1,0.8267605375913347
0,0,0.4215088845880806
1,0,0.40567725705938334
1,1,0.7612669189493023
0,0,0.45069488669084945
1,0,0.4937393229815731
1,1,0.5239990932226573
1,1,0.657930697470116
0,0,0.4583440605559976
1,1,0.7801576604469475
1,1,0.7005333342615546
1,1,0.5164753839954449
1,0,0.409988347386146
1,1,0.685636131752154
1,1,0.7050000265860297
1,1,0.6039118183119703
0,0,0.413108742071445
1,1,0.79364894837958
0,1,0.6900521594158032
1,1,0.7921439495271048
0,0,0.4564269182152733
1,1,0.5929688318024209
1,1,0.6556210105821504
1,1,0.5843194428830057
1,1,0.5326972753665127
1,1,0.7002548620360947
1,1,0.6338342858217203
1,1,0.593196014709286
1,1,0.7911428894532202
1,1,0.6844774360346437
1,1,0.643624528080631
1,1,0.6923024807140036
1,0,0.4620367267336106
1,1,0.5910549065530698
0,0,0.3225180085639016
1,1,0.6549778148103205
0,1,0.5393173755523324
0,0,0.42893708555042165
1,1,0.6126403222196687
1,1,0.6181974319872042
0,1,0.5160938698399744
1,0,0.26289959846885624
0,1,0.5403908063891856
1,0,0.381383976961381
1,1,0.7584019859929373
0,1,0.5381123166784072
1,1,0.5389188836243786
0,1,0.515458755397671
1,1,0.6774529309851193
1,1,0.67961102820788
0,1,0.5886371033520583
0,1,0.535370610223867
0,1,0.5032975718405945
1,1,0.6429505652418012
1,1,0.6498086580521704
1,1,0.5328507025957976
1,1,0.7337384521539407
0,1,0.743413823639731
1,1,0.6813393131127776
1,1,0.8350497287084896
0,0,0.34790535038122117
1,1,0.6638579527361982
1,1,0.6514712631298518
1,1,0.7516408938191005
0,1,0.7039582408928109
1,1,0.6486772286091314
1,0,0.4848067328527257
1,1,0.8118663363211109
1,1,0.6519873460288649
1,1,0.6689881438143295
1,1,0.6736138653527557
0,1,0.8141617568925444
1,1,0.6429732055422503
1,1,0.6435687592206213
0,1,0.6498584453800421
0,1,0.7623341753705297
1,1,0.5755398710672333
1,1,0.6958649624811456
1,1,0.7100645362081281
1,0,0.44535433681844594
1,1,0.6685731430232618
1,0,0.4533444155426517
1,1,0.6475859580149043
0,1,0.5628194657300091
1,1,0.6780828810379244
1,1,0.5891123103986955
0,1,0.7607888394738948
1,1,0.5809833631096375
0,0,0.49896325699838895
0,1,0.5561706620256613
1,1,0.5767093269367847
1,1,0.7272646629691897
1,1,0.7026602601620913
1,1,0.7381501685807146
0,1,0.6935743316381595
1,1,0.6551788795363762
1,1,0.7009787922410311
1,1,0.5374781166576765
1,1,0.6938816380838605
1,1,0.7310441552327347
0,1,0.6415095191914751
0,0,0.2648125753478129
1,1,0.7189560704985589
0,1,0.5626107649808999
0,1,0.6260935938241257
1,1,0.6333665483486037
0,1,0.5675720100801337
0,1,0.5363901358656757
0,0,0.4170283085709508
0,1,0.6006760617276147
0,1,0.8448087603549215
1,1,0.6624689454772167
0,1,0.6558304245990114
1,0,0.36703638866070276
1,1,0.6159706647709065
0,1,0.5094523990266943
0,1,0.6485527122167248
1,1,0.5735448362313111
1,1,0.6653826645682603
1,1,0.691356153718189
0,1,0.6778658777125947
0,1,0.5650820220652563
1,1,0.5581629884149611
0,1,0.7350124548980785
1,1,0.7544434363094975
1,1,0.5639319777817646
1,1,0.8133369863409063
1,1,0.5853223834735257
0,0,0.4174035028815796
0,1,0.5410323310814272
0,0,0.47334584728735973
1,1,0.6978127815706852
0,1,0.7019019280380903
1,1,0.5758751247395526
1,1,0.7509047799124262
0,0,0.44822494945994606
1,1,0.5363730786354026
0,1,0.7142836028647447
1,1,0.7511556187996813
0,0,0.43008640239813667
1,0,0.439816046728903
1,1,0.6527662846397888
0,1,0.6894087484662971
1,1,0.6809748052903319
1,1,0.7173945250815867
1,1,0.5546595232043117
0,0,0.44257012163268383
1,1,0.8602332012335734
0,0,0.3676917194993185
1,1,0.5303361982595142
1,1,0.6781605635439074
0,1,0.5449313771768199
0,1,0.7202852217333762
0,1,0.6245880120224755
0,1,0.61619812734916
0,1,0.6440749705504871
0,1,0.6200451828477953
0,1,0.5328787874433242
1,1,0.5855808717630068
1,1,0.7637317725998045
1,1,0.7124162238879325
1,1,0.6551369496371444
1,1,0.7408435136852229
1,1,0.7878093508857361
1,1,0.5830922756755524
1,1,0.6237783824748446
1,1,0.7120929419274192
0,1,0.5420780472614224
1,1,0.7365853793574233
1,1,0.7273392065012788
0,1,0.5333383336032446
1,1,0.6355758451541986
0,1,0.5965312658586182
0,1,0.7413868354351077
0,1,0.5829584307287944
1,1,0.6360120682853245
0,0,0.2515864714175558
1,1,0.6676675287455622
1,1,0.6964429947915599
1,0,0.49859150625958615
0,1,0.6624515970042272
0,1,0.6757514407868104
1,1,0.8545089668261909
1,1,0.559860459849167
1,1,0.5718648735538001
0,1,0.5075331949602682
1,1,0.694248848280318
1,1,0.5249304239027462
1,1,0.6173060867834896
1,1,0.6989528794905254
1,1,0.855827987222115
1,0,0.4572787738624588
1,1,0.7409841308831981
0,1,0.5979583695192879
1,1,0.6733365386580771
0,1,0.6869496284645704
0,1,0.572639848395876
1,1,0.555437880001456
0,0,0.4994218406085399
1,1,0.7962136865230748
1,1,0.7978400559415971
1,1,0.53572324105351
0,1,0.5592563945820492
0,1,0.6147174462494841
0,0,0.32916913726780167
1,0,0.46703898379572434
1,1,0.6906941754373896
0,1,0.5279894374209116
1,1,0.5458139964239921
1,1,0.6596695068417988
1,1,0.5006218819201194
0,0,0.4788028397675567
1,1,0.6224992391290334
0,0,0.4183263006585115
1,1,0.6285816552528203
0,1,0.71341423369954
1,0,0.3574394041849903
0,1,0.7078853993283435
1,1,0.5548451545973456
0,0,0.2888109377707571
1,1,0.617605378210242
1,1,0.5571548056225716
1,0,0.3907527182327685
1,1,0.6427493127773383
1,1,0.6409040017864939
0,1,0.5680155089509499
1,1,0.737308283241117
1,1,0.580876482063067
0,1,0.6173789249983963
1,1,0.697260837854754
1,1,0.7707232775749548
1,1,0.638383837326883
1,1,0.8295315633217732
1,0,0.45771045550868217
0,1,0.6412403681969208
1,0,0.4132127270735229
1,1,0.5348589885479336
1,1,0.5833709651194551
1,1,0.767620246990699
1,1,0.5831709032749388
1,1,0.741951619598391
1,0,0.4613068510071186
0,1,0.6638695861669351
1,0,0.3546875078543147
0,1,0.5732625761874857
0,1,0.7362052315011707
0,1,0.7117312067038455
1,1,0.5909768901723317
0,1,0.7236874790156596
0,1,0.6216351318731604
1,1,0.5491030265636471
1,1,0.6885976787583378
1,1,0.7194633621883081
1,1,0.7031623411205288
1,0,0.3549316593547055
0,0,0.4927634035877505
0,1,0.6083663948732108
1,0,0.49437451987012276
1,1,0.532279206074393
1,1,0.5246310184080764
0,1,0.5073559856063444
0,0,0.4670024877222304
0,0,0.4558155071000503
1,1,0.6526466686140049
1,1,0.6811774597406276
1,1,0.7808466550696711
1,1,0.731120796337342
1,1,0.7755603761933878
1,1,0.5358180374603981
1,1,0.8485848351084511
0,0,0.4557037647697611
1,0,0.47602705151588437
0,0,0.46648932649124164
1,1,0.5388235055046385
1,1,0.6708501418807653
1,1,0.6004949787968814
1,1,0.7115276808399205
1,1,0.6872111139490807
1,0,0.345311832288364
0,1,0.6147548949538797
1,1,0.6257674420094811
1,1,0.6363193462864118
1,1,0.6037395391684641
0,1,0.6589241129725939
1,1,0.5456481021596593
0,1,0.7071816661425234
0,1,0.5302400537682802
0,1,0.7407229595438781
0,1,0.6122890903456791
1,1,0.667682479190573
0,1,0.7414975516353184
0,1,0.5556650665733032
1,1,0.594949216686357
1,0,0.47516783463222856
1,1,0.5689790052293591
0,1,0.6015862043315497
1,1,0.6515224471294592
0,1,0.5486002380410532
1,1,0.6951520941705931
1,1,0.8769674541365217
0,1,0.6079315898613655
1,1,0.5351556956475747
0,0,0.4774862078789725
1,1,0.5888022846541595
1,1,0.7371763165013266
1,1,0.6924849197635079
1,1,0.7516412299403504
0,0,0.47487853792232043
1,1,0.5961579593182954
1,0,0.3960447549297079
0,1,0.5481304606420943
0,0,0.45882670467430064
0,1,0.6409006012949687
0,1,0.5450393947618397
0,1,0.5826185667956143
1,0,0.48131681058580356
1,1,0.7152291882055544
0,1,0.6272452707270282
1,0,0.42558332677186966
0,1,0.6472946505601672
1,1,0.7016583941108121
0,1,0.630475510354669
1,1,0.7347963739459632
0,1,0.5268326407949762
1,1,0.6054849334724046
1,1,0.7208436379803622
1,1,0.5447176669941751
0,1,0.7493724981643948
0,1,0.734733257135702
1,0,0.4997087745958884
1,1,0.5591219881521101
0,1,0.5655413345488366
1,1,0.6766200848701834
1,1,0.5735901569910977
0,1,0.6009493915304354
1,1,0.6315101314774476
1,0,0.3632137746745617
1,1,0.6684564863139836
1,1,0.7006625745085805
0,1,0.6647922495215081
1,0,0.4320821721394383
0,1,0.5911027890402439
0,1,0.5199051124637477
0,0,0.4929587144426362
0,1,0.6350468167128002
1,0,0.4815433834077567
0,0,0.37807077458719257
1,1,0.7452707170463658
1,1,0.7773051762880009
0,1,0.6172094877535723
0,1,0.6509374321250847
1,1,0.6977909761050342
1,0,0.4926109528322321
1,1,0.6643294489475774
1,1,0.7487433061621238
0,0,0.43214493208076943
0,1,0.5915091515974137
1,1,0.5853863358742273
0,1,0.7032905942726463
0,1,0.6071249785695199
0,1,0.5149593146938946
0,1,0.6432314761674093
0,0,0.4216947609412809
0,1,0.6453401001770283
1,1,0.5664421020432302
1,1,0.5247434071687886
0,1,0.7192010588860207
0,1,0.5437929050907442
1,1,0.5693998810538858
0,1,0.6058032833838496
0,1,0.6087396914204037
0,1,0.6456045459577395
1,1,0.5658844602682198
0,0,0.4972298936168082
1,1,0.5466497183237755
1,1,0.7234913711666948
1,1,0.7226825905322428
0,1,0.5050053372494134
1,1,0.5517699097120166
0,1,0.6894341921258396
0,0,0.43215002457437507
1,0,0.48682012363754734
0,1,0.5213868027198614
1,1,0.6312586379614122
0,1,0.5396539353853678
1,1,0.5330939478910225
1,1,0.6061595392063915
1,1,0.6420056948595715
0,0,0.4762092607077446
0,1,0.516092084729394
1,1,0.5620159906180031
0,1,0.5462701969051795
0,1,0.5404998273235374
0,1,0.5361348926464361
1,1,0.6060307033172766
0,1,0.6179444646283808
1,1,0.5688899795739717
1,0,0.46585085809655324
1,0,0.4126447380162287
0,1,0.6339636323143469
0,1,0.7094858472107055
1,1,0.7209497617714216
0,1,0.7080207154765552
0,1,0.7241839866086153
1,0,0.3978305180980041
0,1,0.6855313379983192
0,1,0.5067060264800706
0,1,0.6405902873599894
1,0,0.3640135534330237
1,1,0.5554664034952976
0,1,0.5320686716140642
1,1,0.6998640793903342
1,0,0.45103118794717356
1,1,0.6855914157584594
0,1,0.627793042969913
0,1,0.6241837779534474
1,1,0.7549594150145778
1,1,0.6929690650625285
1,0,0.45273125922503527
1,1,0.6861740752639877
0,1,0.5548816083747472
1,1,0.6365326208955243
0,0,0.38721015206839277
1,1,0.6190931524570347
0,0,0.2911026180539881
1,1,0.5310594445335579
1,1,0.5803868076283554
1,1,0.7343023506092184
1,0,0.40497739021743756
1,1,0.6228229736549338
0,0,0.4928697830910495
0,0,0.47207505519613596
0,1,0.5878573621828325
1,1,0.6865790318686387
0,1,0.5582349534113916
1,1,0.6869733471824059
1,1,0.6480634748341215
0,1,0.6402458902849599
1,1,0.6254389713889172
0,0,0.48046565892751636
1,1,0.7823691980161886
1,1,0.6431306272895728
1,1,0.7542102488352715
0,1,0.6550208272239861
1,1,0.5982405673168896
1,1,0.5531521160262846
1,1,0.7970691837811347
1,1,0.766730203911933
1,1,0.7068220455530242
1,1,0.693045965796171
1,1,0.5399775984092091
1,1,0.6169131913360784
0,1,0.503806222533251
1,1,0.8500542397341284
1,1,0.5349216823188151
0,1,0.6154852372834888
0,1,0.559202972117124
0,0,0.38093652151712865
1,1,0.5643356639213121
1,1,0.5731393864242694
1,0,0.4550877249252995
0,1,0.75414268682304
0,1,0.6893321599425968
1,1,0.548359867644072
0,1,0.6670274104159729
1,1,0.6613436599310931
1,0,0.47074684297283925
0,1,0.6456121374658776
1,0,0.48063360689750717
1,1,0.5699110318365233
1,1,0.5173123598336187
1,1,0.526290678557931
0,1,0.6522569010161593
0,0,0.39491905281851053
0,1,0.5970540079569397
1,1,0.7295854259287499
0,1,0.5591204727563821
0,1,0.5858672641746645
0,1,0.5456359784454344
1,1,0.6700622716550889
0,1,0.7409312566358177
1,1,0.6516880151396908
1,1,0.5245509610932761
0,1,0.6417853450035541
1,1,0.7743998657474138
1,1,0.5881560178641783
1,1,0.5802509208935207
0,1,0.5878948194032485
0,1,0.7030191370972153
0,1,0.5618578624531342
0,1,0.5345323906422135
0,1,0.5740137402698205
1,1,0.6621142472722711
1,1,0.6179026885564413
0,1,0.6928748023029415
1,1,0.5622633415344679
1,1,0.5053594154556577
0,1,0.6139896511091059
0,1,0.7586400446974336
1,1,0.5356364954182605
0,0,0.4831111647335208
1,1,0.6600800839150495
0,0,0.4615556597338092
1,1,0.603989778525356
1,1,0.5019917103181822
0,1,0.5406941878672469
1,1,0.5034937520462265
0,1,0.5307986900531442
1,1,0.673520715547693
1,1,0.6542427605317954
1,1,0.709530807292655
1,1,0.5692718729856169
1,1,0.7181124011463274
1,1,0.7816901195526217
1,1,0.6432202823163194
1,1,0.6860023899162434
1,0,0.4074521141965361
1,1,0.6196274206363195
1,1,0.5847537138646525
0,1,0.5643763144821173
1,1,0.6907939823950733
1,1,0.5158808191884252
1,1,0.7076314055719892
0,1,0.5136922410895156
1,1,0.7281389932705395
1,0,0.49004246728305717
1,1,0.7856446552043479
1,1,0.5421620487454968
0,0,0.47163153863103074
0,0,0.47836677065131894
1,1,0.6404557680366875
1,1,0.6935999624919486
0,1,0.5471759200902919
1,1,0.6484934758880434
1,1,0.5867659113205032
1,1,0.7124774228068871
1,1,0.6355028477304292
0,1,0.6500856823448575
0,1,0.6491084278128991
1,1,0.7382744602701966
1,1,0.6813532614030544
1,1,0.5395364598220046
1,1,0.83232261631087
0,1,0.6406671343703182
0,1,0.6144891427178701
0,1,0.6862468912502794
1,1,0.6180794324901524
0,1,0.6668802959511454
0,1,0.6563238274768498
1,1,0.7221355256131118
0,1,0.6372507272174411
1,1,0.7079058504840673
0,1,0.6460737396140508
0,0,0.4776941005568236
1,1,0.5073553591383382
1,1,0.5777295688839433
0,1,0.7242996211326017
1,1,0.534390325402432
0,1,0.5295254921461874
0,1,0.519933748482656
1,1,0.7697404188409632
1,1,0.765238823149852
0,0,0.4906024331012451
1,1,0.505918239607978
0,1,0.7310082097355283
0,0,0.36448553846920506
1,1,0.7284040420461254
0,1,0.6608350882502999
1,1,0.6101868925733148
1,1,0.5983923928542401
0,1,0.5178161956207863
0,1,0.6481679781450727
1,1,0.560102274671409
1,1,0.5803480059471072
1,1,0.5439805195756682
0,1,0.5230661943838146
0,1,0.6627678276315234
1,1,0.6096589324526306
0,0,0.37516699834727957
1,1,0.6870036585946857
0,1,0.6222336112504903
0,1,0.6344619064140032
0,1,0.8001908559778143
1,1,0.7711691498305453
0,1,0.6668962527472417
1,1,0.5548202800840565
1,1,0.5419517177918356
1,1,0.6336604315245675
1,1,0.6009635745179094
1,1,0.6918547581985705
1,1,0.6022008475389238
1,1,0.6761625872321317
1,1,0.6370460678858625
0,1,0.7770497856639729
1,1,0.6152340724928419
0,0,0.4896444937778506
0,1,0.5092971196020809
1,1,0.6280087671665036
1,1,0.6386559360715456
0,1,0.5149803396400854
0,1,0.5607840019550376
1,1,0.7358602639540551
1,0,0.47351134560883074
1,0,0.3477318570513544
0,1,0.7661989026053524
1,1,0.6346701936406329
0,0,0.3436363415611882
1,1,0.5259953556198221
0,1,0.5662735183090706
1,1,0.643639769183227
1,0,0.4524849851376353
0,1,0.6023411440913682
0,1,0.6434382285946656
1,1,0.5662651705495702
1,1,0.5961793736137944
1,1,0.577776310157423
0,1,0.6506079859967177
1,1,0.644500414932454
1,1,0.5017907296161551
0,1,0.6449592177231027
1,1,0.6222103690105181
0,1,0.5417494001103669
0,1,0.5156629294674948
1,1,0.7006251133294551
0,0,0.4624897759969035
1,1,0.8692726935698041
1,0,0.4916350842683455
1,1,0.6381449590633198
1,1,0.7277375354743987
0,1,0.6576917202497744
1,1,0.6883830520034923
0,1,0.7295027085870045
1,1,0.5639676795294437
0,1,0.5503707520313903
0,1,0.7624259448274509
1,1,0.6680147777911677
1,1,0.5738443867397524
0,0,0.4757179298576829
1,0,0.4031021565624085
1,0,0.4607069910743171
1,1,0.5119684109299828
1,1,0.783758644171505
0,1,0.6251358775986493
0,0,0.4223540927504688
1,1,0.6370708867234482
0,1,0.6377480773467519
1,1,0.6083924534926187
0,1,0.6274626296185395
1,1,0.6931310764688062
1,1,0.5912836250658946
1,0,0.4811968048664895
0,0,0.43937722376390986
1,1,0.7923720012572828
1,1,0.7558642873128507
0,0,0.2954597030600362
1,1,0.6275406466519953
1,1,0.6507044754176989
1,0,0.45380708707452017
0,1,0.5190923776612998
0,1,0.6129171741930216
0,1,0.6385711562586079
0,1,0.6016577327901667
1,1,0.7122360459702805
0,1,0.651421675305696
1,1,0.5720609303170114
0,1,0.5354037769766251
1,0,0.467306004213615
1,1,0.6229960927656187
0,0,0.39718199617410493
1,1,0.5046746138374775
1,1,0.5809184657525233
0,1,0.5613330252483891
1,1,0.5955164123097073
1,1,0.6791648177023143
1,1,0.6256545562606131
1,1,0.5904635254568139
0,1,0.6561155324796628
0,1,0.5717705803025028
1,1,0.5920622739441505
1,1,0.7296736047755589
1,1,0.6487742691332595
0,1,0.5091838255128376
0,1,0.7721538503523492
1,1,0.723605329976769
0,1,0.5092503863544688
1,1,0.7021086904799444
1,1,0.5930490370336458
1,1,0.6423211176730332
1,1,0.507029809722067
0,1,0.5575333255515915
1,1,0.7148761179746157
1,1,0.6419266157830306
1,1,0.5013154470861639
0,1,0.7312456586260554
0,1,0.6015233011570418
1,0,0.41871302184496373
1,1,0.6327515521953796
1,1,0.6385638961241649
0,1,0.590775393642375
1,0,0.44780358757607014
0,0,0.24467833326466945
1,1,0.6164195269861541
0,1,0.5357291153848616
0,1,0.6868546792841969
1,1,0.6765953618143484
0,1,0.5696266496654148
1,1,0.8984459411649637
0,1,0.5347932818263158
1,1,0.5169303372636236
0,1,0.6301020038362087
1,1,0.7203288352657635
1,1,0.5893418818154956
0,1,0.5847894503780435
1,1,0.6561444055797894
1,1,0.6295188196861738
0,1,0.6298589398147354
1,0,0.3477743261460144
0,0,0.47287116688840447
0,0,0.4842818902988902
1,1,0.616517728263799
1,1,0.5352547784039104
1,0,0.49148057173380855
0,1,0.7961486323824915
1,1,0.8956346070054084
0,1,0.6143417962742599
0,1,0.6477406062947972
1,1,0.753241332459459
0,1,0.579912769901698
0,1,0.66020799870453
1,1,0.6012048076942809
1,1,0.7728879688434966
1,1,0.5678493185251289
1,1,0.6285906839200056
1,1,0.7102450373134217
1,1,0.6049113257447913
1,1,0.6522137323479541
0,0,0.38650134020382787
0,1,0.7650732722132281
0,0,0.491557924348332
1,0,0.44804710691910876
0,1,0.6456521111944586
1,1,0.5288352155346847
0,0,0.4510356801212454
0,1,0.5600952690064442
0,0,0.4377080892846976
1,1,0.7431586643135026
1,1,0.5770359971170219
0,1,0.5441916312559612
0,1,0.6249325899868915
0,1,0.5952554701019933
0,1,0.5539273209815372
1,1,0.6165920704157415
0,1,0.5142980325169669
1,1,0.7839651785624345
1,1,0.6948710846356664
1,1,0.6804862718657269
1,1,0.5570889715317268
1,1,0.5938081826882801
0,1,0.6217989348265139
0,1,0.5126552493328769
1,1,0.7669851490459149
0,0,0.487539854915213
1,1,0.6197027793276074
1,1,0.6457457949938936
1,1,0.686494939397582
1,1,0.5189460466452137
0,1,0.5428844195726782
1,1,0.5330237892496053
0,1,0.5899544370338323
1,1,0.5955088711957741
0,1,0.5362626270108336
1,1,0.6754732322883106
0,1,0.5988839535187964
1,1,0.6101213117655757
1,1,0.6727974632912788
0,1,0.7028336555036787
0,1,0.6573353779588684
1,0,0.35650934702163456
1,1,0.7406003756165533
1,1,0.7846481478476478
0,1,0.5896282184151098
0,0,0.45520493059284184
0,1,0.5693145804196924
1,1,0.5594259478871348
1,1,0.6910150565699189
1,1,0.7207335023078144
1,0,0.461648839637296
1,1,0.6613820704695361
0,0,0.47225773878211846
1,1,0.5413257007405841
1,1,0.7056241229287239
1,1,0.6741510482359585
1,1,0.569341031319743
0,1,0.5290674219666682
1,1,0.6305198163193121
0,0,0.4936663980884276
0,1,0.680865994190153
0,0,0.29805445094915456
1,1,0.7177506593910097
0,0,0.3896234638552091
0,1,0.5680782985801708
0,0,0.48995438814194964
0,1,0.5499208694864468
0,1,0.6146811109838505
0,1,0.5201661886120599
0,1,0.6677332405263178
1,1,0.7621449874053888
1,1,0.5331371127639217
0,1,0.6676200880636693
0,0,0.4647952383988992
1,0,0.464087154218239
1,1,0.5951890416555298
1,0,0.3927040065112842
0,1,0.626697451855328
1,1,0.5231838626704898
0,1,0.611143859822198
1,1,0.5511806019437914
1,1,0.7452871379461367
0,1,0.6671826073151556
1,1,0.5750737673226602
1,1,0.5878945618228663
1,0,0.3840519624252673
0,1,0.619405512458457
1,0,0.4261713000452141
0,0,0.46857131964968135
0,1,0.6262243602838593
0,1,0.7716636100009119
0,1,0.6057665386351858
1,0,0.4228813740994811
0,0,0.4209569183363039
0,1,0.6687332201604357
1,1,0.6906533934290582
0,0,0.4143461925645465
1,0,0.47397758918571403
1,1,0.5419587576785584
0,1,0.6826687805419767
0,1,0.5500380667898724
1,1,0.6286552031129052
0,1,0.5071505065317006
1,1,0.7507785783463978
0,1,0.5823510660965134
0,1,0.5926430586902257
0,1,0.7191752546628619
1,1,0.566057804413748
1,1,0.6562210485518669
1,1,0.7354750355187082
1,1,0.7660174383367664
1,1,0.6614488933634138
0,0,0.42369000694113396
1,1,0.6632790467522262
1,1,0.7438923494878023
1,1,0.5400589840737425
1,0,0.38424966909866465
1,0,0.48301944659169666
1,1,0.6762513095668643
0,0,0.3926681486421608
1,1,0.713908683868694
1,1,0.513991948576282
0,1,0.5450384752881714
1,1,0.6837989801130611
1,1,0.6833859340342383
1,1,0.6746299781937286
0,1,0.6619513202069583
1,1,0.5480706913741914
1,1,0.6320613808428351
1,1,0.5376202217609635
1,1,0.6966484900152934
0,1,0.5782079079448633
0,1,0.6381749719939147
1,1,0.6980675420982285
1,0,0.39571401355581054
0,1,0.826985365960882
1,1,0.6139491257502698
0,1,0.6714670319050754
1,0,0.4531811256200458
1,1,0.6139862615015145
0,0,0.3550321535346504
0,1,0.6068381632767716
1,1,0.6795572191615641
0,1,0.744712050147314
1,1,0.7388054568814608
0,0,0.4635372754108149
0,0,0.4605401451567658
1,1,0.5970422334159756
0,1,0.6118077291724753
0,1,0.6496687947684588
1,1,0.6514840301984398
1,1,0.6487557040008614
1,1,0.7189778005836526
1,0,0.4399625958911132
0,1,0.7343617132513809
1,1,0.6068388818827285
0,1,0.8382468826587036
0,1,0.5963034188551591
1,1,0.6518298301265435
0,1,0.7256532879803754
0,0,0.42193994140294
0,1,0.5584087249896007
0,0,0.47297826847791596
1,1,0.5599795420017482
0,0,0.3185268199472968
0,1,0.5637408693037737
1,1,0.6281222944143914
0,1,0.524828397405131
1,1,0.6450320506863865
1,1,0.6391279354968465
0,0,0.4378020691688886
0,1,0.5188271634630537
1,1,0.5515088591632985
0,1,0.6908328566882632
1,1,0.5502528426869402
0,1,0.546659202616866
0,0,0.417485565505534
0,1,0.5325520663876445
0,0,0.3861955194349164
1,0,0.4742529987455973
1,1,0.7235136537794746
1,1,0.5465340778796992
1,1,0.6484523600918264
1,0,0.4903671357427645
1,1,0.8478488999669858
1,1,0.7125203444522178
0,1,0.7651796950767453
1,1,0.6994706074995214
1,1,0.6537598686727146
1,1,0.6088330981952883
1,1,0.6594841812018453
1,1,0.5992228277714104
1,1,0.7524352043280936
1,0,0.4947089844198161
1,1,0.5157488055175236
1,1,0.694238473844363
1,1,0.8311307373369139
1,1,0.6111702282912426
1,1,0.5418216070157329
1,1,0.7433321101610759
1,0,0.42423164525338436
0,1,0.5028152390139848
1,0,0.40616565375981734
1,0,0.43186865525481943
1,0,0.40708829450748835
1,1,0.7131147055489735
1,1,0.6118787558180062
1,1,0.7015952370797267
1,1,0.6789462310418837
0,0,0.47943321854112647
0,1,0.625853796012304
1,1,0.6485301671169408
1,0,0.49042371890716696
0,1,0.5907179009414647
1,1,0.583516977442761
1,1,0.664610358717001
0,1,0.6336874187306829
1,1,0.6530855760442261
0,1,0.537264398494238
1,1,0.5142913617184495
1,0,0.46255522177854047
0,1,0.547452029001483
0,1,0.5992613665677653
1,1,0.6692268699317208
0,1,0.5002516251477009
1,1,0.7926727298199229
0,0,0.4206855492082175
0,0,0.4903231561000558
0,1,0.7084479022223027
1,1,0.8489365561673512
1,0,0.472732097014895
0,1,0.5788098164812707
1,1,0.5488533229722105
0,0,0.3223280703553303
1,1,0.6787023400314186
1,1,0.6539977655835026
1,1,0.5617875159990284
1,1,0.5103488291315355
1,1,0.5551076697227163
1,0,0.40747576117402384
0,0,0.38606174046073144
1,1,0.7131679439874147
1,1,0.7821480139907773
1,1,0.6153087412085024
1,1,0.5483457105951036
0,1,0.5598845945015822
1,1,0.6717136024423377
1,1,0.6011655386910303
1,1,0.7502076819191958
1,1,0.6719547725434184
1,1,0.606882321204872
0,0,0.36059869083481255
1,1,0.5427261796564384
1,1,0.8522032328875396
1,1,0.6609044449513192
0,1,0.5535161782988277
1,1,0.6300844917115687
1,1,0.6848474720782525
1,1,0.64868208662052
1,1,0.5943806505099871
1,1,0.5451511523992317
0,1,0.5142246543850402
1,1,0.6982236864189041
0,1,0.6528288612804815
1,1,0.7119819741733313
0,1,0.6955980922170356
0,1,0.5267153214970312
1,0,0.4268895507759939
1,1,0.6492228206054214
1,1,0.7687112312700493
1,1,0.6260639804511527
0,1,0.674887641122989
0,1,0.5876114841848931
1,1,0.5199903303176522
0,1,0.5834750178928186
1,1,0.567972045120232
0,1,0.6209082011989991
1,1,0.5343100633833334
0,0,0.47308953041134943
1,1,0.5813343833373916
0,1,0.6221570912916828
1,1,0.6611910187880652
1,1,0.5997205376435133
1,1,0.6658479998935661
1,1,0.7180125822293644
0,1,0.5619732084457651
1,1,0.7482137098587639
1,1,0.5588497183456423
0,1,0.5238301100351922
1,1,0.5831070362086875
1,1,0.6373408305674367
1,1,0.7014871368109099
1,1,0.5887116519318247
1,0,0.48091298284628076
0,1,0.5692352209516282
0,0,0.35286072392605017
1,1,0.5089632107716832
1,1,0.7614705304246
0,1,0.5344498846085669
1,1,0.746920655568642
1,0,0.4583108860675898
1,1,0.591768645397215
0,0,0.4480734917944483
0,1,0.5000588705719575
1,1,0.514422175337153
1,1,0.7407670409240191
1,1,0.5365771455903097
1,0,0.406309476466773
0,1,0.6382304171384315
0,1,0.5415891519553646
0,1,0.7086983274087575
1,1,0.6586515053866244
1,1,0.6238285560318965
1,1,0.6784163679500351
1,1,0.54597615093792
1,1,0.5978254060603071
0,1,0.5578156094798935
1,1,0.5708856516208839
1,1,0.8779248676662705
1,1,0.6684952155799657
1,1,0.5992583994348609
0,1,0.6354616261257421
1,1,0.6065870495352758
1,1,0.6638117258967026
0,1,0.7696669384931427
1,1,0.5227348887962657
1,1,0.7131554277216141
0,1,0.6215403534284557
1,0,0.4157364308573902
1,1,0.5571047009941934
0,0,0.4197426582587374
1,1,0.5989265968900639
1,1,0.7737944424158486
1,1,0.7204839544411805
1,0,0.4139032520633994
1,1,0.5351373538694398
1,1,0.711365316021576
1,1,0.6834531626796101
1,1,0.5494999338819837
1,1,0.5535547280481401
0,0,0.3184473359341054
1,1,0.6452182884532388
0,1,0.534690197766852
0,1,0.8085326986636413
0,1,0.5575464311865691
1,1,0.6953705652757569
0,1,0.6383509252194595
0,1,0.6030822792722677
1,1,0.5344541879087445
0,0,0.2651543228984961
0,1,0.6170327566700372
1,1,0.5184374745321193
1,1,0.818078209302687
0,1,0.6783490477641131
0,1,0.6056887855297775
1,1,0.5233081675497249
1,1,0.556888748633131
0,1,0.6267027581028196
0,0,0.39448636173674223
0,1,0.5463019409860412
1,1,0.6180398000250489
1,1,0.5853494673749395
1,0,0.49308257114082443
0,1,0.5509951634173708
1,0,0.3966241379105167
0,1,0.5169673128449512
1,1,0.5917769146789964
0,1,0.6474466515029772
0,1,0.592875995559834
1,1,0.5086050919940414
1,0,0.4192723203030291
1,1,0.7354990073616281
1,1,0.7982460347475333
1,1,0.7324329179947614
1,1,0.7246273788668887
1,1,0.717549398998568
1,0,0.4943749349774928
0,1,0.7334704311380262
0,1,0.6128247210159095
1,1,0.5902435133211426
1,1,0.6267529768299851
0,1,0.6307800595044527
0,1,0.6536359307981752
0,1,0.5584819767574616
0,1,0.7939399251808201
1,1,0.6430096339110315
1,1,0.5975942376733464
1,1,0.6644752878054248
1,1,0.7155921776500744
1,1,0.5735652185208143
1,1,0.6847682871143084
0,1,0.6297291133091057
1,1,0.6889409131456923
1,1,0.5313760560543472
0,1,0.6522405020577452
0,1,0.6535072865083942
0,1,0.6418589961124787
0,0,0.4620336594035379
1,1,0.6585030783268742
1,1,0.6185667681426483
1,1,0.6060793396560218
1,1,0.5720654668966465
0,0,0.33191040317711135
1,0,0.21383556024256475
0,0,0.4343402234139113
1,1,0.5256684628411811
1,1,0.6985559142703852
1,1,0.6808015255636803
0,0,0.3647395921462028
0,0,0.4680580452101391
0,0,0.33186519392871844
1,1,0.5602666938005912
1,1,0.6240462540043086
1,1,0.5693423467678956
0,1,0.541746315352666
1,1,0.6523095541788309
1,1,0.7333367345164501
0,1,0.5537719512531264
0,1,0.7869024757858613
1,0,0.41711737892813516
1,1,0.6170347238810361
1,1,0.7231536726442291
1,1,0.6291846752103954
1,0,0.40089537486821925
1,1,0.6601121463661975
1,1,0.7061686445442402
1,1,0.6218846428999927
1,1,0.5983468665892925
1,1,0.5913738522419978
1,1,0.5686989026916228
0,1,0.6971375411277108
0,1,0.8242308553673281
0,1,0.61595735086166
0,1,0.5654742110932018
1,1,0.6274889607122378
1,1,0.6192895251317225
1,1,0.6819052192327467
0,1,0.6185589797719642
1,1,0.5744203235953984
1,1,0.6484015129307039
1,1,0.6904761208164213
0,0,0.468708009863944
1,1,0.5134512708929306
1,1,0.7175343599074899
1,1,0.6102224954485349
1,1,0.7120150314124075
1,1,0.6531950191175477
0,0,0.34396009385838333
1,1,0.6521593453592187
1,0,0.497827734524611
0,1,0.6114630096300985
1,1,0.6067922138379802
1,1,0.7636583207135191
1,0,0.3046944399017247
0,1,0.6332648366731854
0,0,0.4263067389594805
1,1,0.6926193547346559
1,1,0.6475191542044877
1,1,0.5527601251362101
0,1,0.6566603809104083
1,1,0.5799151625395693
0,1,0.6232149802694075
0,1,0.7173411315583325
0,1,0.5986860285412707
0,1,0.6508113273336391
0,0,0.4085052820899414
1,1,0.6030549885405112
0,1,0.6476625344751727
0,0,0.49144632499394464
0,1,0.5280440686086688
1,1,0.8848834896205182
0,1,0.5979479188974546
0,1,0.5140270299791343
1,1,0.6092057988341159
0,1,0.54227729081727
1,0,0.44826696197971033
1,1,0.510190140102593
1,1,0.5934047924201376
1,1,0.7270625161216234
0,1,0.5629869362634956
1,1,0.6196695836930348
0,1,0.5161521396539005
0,1,0.7091816695096859
0,1,0.5176547268195782
1,1,0.519005929470474
1,1,0.7177335295381375
1,1,0.538182519118319
1,1,0.7683548537135577
1,0,0.39107380829764404
1,1,0.7169296670328563
1,1,0.624949665207338
1,1,0.7077498038387414
1,1,0.6972157183982042
0,1,0.5030968706262487
1,1,0.5273626428699676
1,1,0.5722865039625334
1,1,0.719179383650527
1,1,0.5640749056014452
1,1,0.5439006655211833
1,1,0.8291343767324159
0,0,0.44934784759620766
1,1,0.5638537992204108
1,0,0.4849804071878257
0,1,0.5183459716726468
0,1,0.6202029670095256
1,1,0.7478726811527331
1,1,0.6014392207953447
1,0,0.3686951054740169
1,1,0.5815411964453147
0,1,0.5720590298694396
1,1,0.6659540188155969
0,1,0.5705200869260318
1,1,0.5059693776124046
0,1,0.6552511615989772
1,1,0.7032945542006748
0,1,0.532745186998551
1,1,0.7382441479968473
0,1,0.6528560821078757
1,1,0.5208054263652371
1,1,0.624611946087658
1,0,0.49983492206424684
0,1,0.5838546579002213
1,1,0.648191862992816
1,1,0.5692591595741359
0,1,0.6083926642144694
1,1,0.7144635259507878
1,1,0.6453531127572846
1,0,0.44475988673553296
1,1,0.6231006334695226
1,1,0.7374836148857488
1,1,0.7114800272261971
1,0,0.41789867234166034
1,0,0.44801729037021354
1,1,0.5765825485846342
0,1,0.5696073637436353
1,0,0.2848506869081129
0,1,0.5848990319535278
0,0,0.4464346042393582
1,1,0.6827587204703209
0,1,0.5504650317532195
0,0,0.48086118835819897
0,0,0.40034711322848276
0,1,0.7646064881957888
0,0,0.37382223605883785
1,1,0.6655544883052397
0,1,0.6721998694425914
1,1,0.690527707598759
0,1,0.5500979886069715
1,1,0.6256776363562689
1,1,0.6333399920631665
0,1,0.5382821185112793
1,1,0.6128039561789798
1,1,0.7603276227393445
0,1,0.6023278546323119
1,1,0.6719313829067624
1,1,0.6261210079173243
1,1,0.5419240854600436
1,1,0.7801557812381855
0,1,0.558950267922805
0,1,0.7798578349129248
1,1,0.7522948416665644
1,1,0.580560005840352
0,0,0.45211051462579394
1,1,0.6417162353259765
1,1,0.696223550155975
0,1,0.6218381111191781
1,0,0.37911749052190474
1,1,0.5935317874878251
1,1,0.5898275825323751
1,1,0.6259569951923083
0,0,0.18096884363982063
1,1,0.7026374801428892
0,1,0.51690709412099
1,1,0.6422114961025551
0,0,0.4613856071929139
1,1,0.5849539880169271
0,1,0.6478691589337848
0,1,0.5907078083994217
1,1,0.6767616297502062
0,0,0.4415819395069597
1,1,0.6230653091539797
0,1,0.751344799220427
1,1,0.7414529330718368
1,1,0.6470678009290909
1,1,0.7054630327820145
1,1,0.5894053175325437
0,0,0.43389161490894046
1,1,0.6022856054971153
0,1,0.6722591310663982
1,1,0.6769187846737438
1,1,0.7036795118768187
0,1,0.5029354817495506
0,1,0.5202056998157323
1,1,0.6067550636135643
1,1,0.5900702446079427
1,1,0.6179807483338992
0,1,0.6757404711798013
0,1,0.6634063989493585
0,0,0.47726891381713743
1,1,0.507807707388398
1,1,0.5691181323637003
1,1,0.6748389617777452
1,1,0.572816795078701
0,1,0.5103042020214257
1,0,0.3557453534166325
1,1,0.6191980714756402
0,0,0.41028814789237444
0,1,0.5331598892571676
0,0,0.4503314686771702
0,1,0.672327145227069
1,1,0.5878665356388957
1,1,0.7437229257109789
1,1,0.5379175427310182
0,1,0.5723548273524613
1,1,0.5598255415837051
1,1,0.7177128956979146
0,1,0.5189849231458997
0,1,0.6223286272737926
1,1,0.8552205430733063
0,1,0.6245202676064685
1,1,0.5698695278535308
0,1,0.7576694348002622
0,1,0.5809082447562741
0,1,0.5824678180643846
1,1,0.6002000758831042
0,1,0.5655896100315635
0,1,0.5858293227392948
1,0,0.48435227142808707
0,0,0.493141419219705
0,1,0.6461967721358772
1,1,0.6528410809062908
1,1,0.6119340828025068
1,1,0.7944513774784079
1,0,0.27975211561027036
0,0,0.4419188588543693
0,1,0.7453679378555832
0,1,0.6257969433311772
1,1,0.6851722803019752
0,1,0.6094721658522725
1,0,0.42628803646909114
1,1,0.7436953150293958
0,1,0.713561786411213
1,0,0.4227837325809783
1,0,0.43158643235019356
0,0,0.4069322972212106
0,1,0.5916810853153346
1,1,0.6144631980669254
0,0,0.37619197497980716
1,1,0.6245837518758071
0,1,0.5815730602563506
0,0,0.495845110228227
1,1,0.6350913164783795
0,1,0.739275065308597
0,1,0.5506823599671861
0,1,0.5594671117853895
1,1,0.7359016277976904
1,1,0.7209638071220726
1,0,0.4975147049039616
1,1,0.5756906639700577
1,1,0.7222493295304104
1,1,0.5944254217979408
0,1,0.7073872535948731
1,1,0.6546658186792516
1,1,0.535797042747785
1,1,0.7674196662515889
1,1,0.574961956184793
0,1,0.7492660659497544
1,1,0.7346868635366666
0,1,0.7437588010735533
0,1,0.8008914428751198
1,0,0.4456028826837746
0,0,0.3850118369073558
1,1,0.5160168453603577
0,1,0.5918938862357042
1,1,0.6880482411784218
1,1,0.8220129264936683
1,1,0.6846619134318236
0,1,0.6857669289302821
0,1,0.5169296376337469
0,1,0.5324463791178039
1,1,0.6189008718585578
0,1,0.6426234229529573
0,1,0.5478136392068667
1,1,0.69600706906873
1,1,0.5704191826322031
1,1,0.6703081983697072
0,1,0.7322969301518332
1,1,0.8011177737228052
1,1,0.6283218154171861
1,0,0.42686655532763235
1,1,0.6261563196972483
1,1,0.7280854912313964
1,1,0.5393088720471364
1,1,0.6738880631141834
1,1,0.6850038365934946
1,0,0.3604545113639407
1,1,0.5101581872931922
0,1,0.673816200670033
1,1,0.7185222490011709
1,1,0.6235796033784915
1,1,0.6886043217454997
1,1,0.5697931551743404
1,0,0.4905660810644524
0,1,0.5339518180325223
1,1,0.636438499677617
1,1,0.6185078357443898
1,1,0.8315075448620902
0,0,0.40650746965060575
1,0,0.493926688349216
0,0,0.4622561990908437
1,1,0.6644767365042479
1,1,0.6163613631893343
1,1,0.7272521188052388
0,0,0.49286925793932795
1,1,0.5013694668346598
1,1,0.6111800085065451
1,1,0.7567873845901657
0,1,0.6134612564508715
0,0,0.36599013507525235
1,1,0.5870770408976338
1,1,0.7094608529089345
1,1,0.5669549634381146
0,0,0.3028176810240378
0,1,0.5089272218057012
1,0,0.45267388527045455
1,1,0.6368149647917491
1,1,0.6007127690302297
1,0,0.43712069738533044
1,1,0.6972546860691554
0,1,0.7231922397676942
1,1,0.8249148395723424
0,1,0.562995865035848
1,1,0.6642095184579287
1,0,0.4112982216112922
1,1,0.6672053981095839
1,1,0.7027507003686453
0,1,0.7610446363497765
1,1,0.6230629507562465
1,1,0.8791192213856185
0,0,0.40255479097346497
1,1,0.6950249561178394
1,1,0.6254613818406088
0,1,0.6754338256812795
1,1,0.5133050478581468
0,1,0.5406954745629945
1,1,0.6306252439527379
1,1,0.614286295682232
1,0,0.4046494698569172
1,1,0.6065380360306382
1,1,0.5489091424136527
0,1,0.6574630569636691
1,1,0.534135016247369
0,1,0.5461565494453293
1,1,0.5623975319440477
1,1,0.75458594127216
1,1,0.6628811202778501
0,1,0.639604454440442
1,0,0.43193812701346074
1,1,0.7987130121972341
1,1,0.665109502239719
0,0,0.454546369924484
1,1,0.5510255703559449
0,1,0.558496211993264
0,0,0.3451894826094491
1,1,0.6368374953822876
1,0,0.40056685399707087
0,0,0.34415205199995474
1,1,0.7060960260564861
0,1,0.7262469087013198
1,1,0.5898363438403245
0,1,0.623918809980207
1,1,0.7163428225331878
1,1,0.5069674330913615
0,1,0.5610001968340059
1,1,0.6132252060658532
0,1,0.661360550179263
0,1,0.7794807626343346
0,0,0.4402981782451768
1,1,0.5632572427088518
1,1,0.6928014941031939
1,1,0.722030415679834
1,1,0.6750060381763363
0,1,0.6103346090310836
1,1,0.7586943912641262
1,0,0.3891613565483184
1,1,0.8380797511826047
1,1,0.5711112843328418
0,1,0.6759593292789395
0,1,0.5190067426808705
0,0,0.28122471188458553
0,1,0.6499115021004165
1,1,0.5607039998819805
1,1,0.6657789366575507
1,1,0.7462414714501403
1,1,0.5453990154457621
0,1,0.7752329994388318
1,1,0.5139507346671083
0,1,0.7096979156467492
1,1,0.7083948237006852
1,1,0.6177730335288873
1,1,0.5913304374034483
0,0,0.37980133504354313
1,1,0.6466854119907858
0,1,0.542396196504345
1,1,0.7215077370070468
0,1,0.6677512504928726
1,1,0.570944304500673
1,1,0.7470939057486619
1,1,0.5731140020227171
0,1,0.6741189432222014
1,1,0.7359501653698649
0,1,0.6656085297752362
0,1,0.5929878463849332
1,1,0.5792908010514463
0,0,0.4523676773288454
0,1,0.6395115529886946
0,1,0.5725915336114978
1,1,0.6791275663929071
0,1,0.6156156312518589
0,1,0.5934469136011813
0,0,0.40135477741541237
0,1,0.5342718454385255
0,0,0.29522716414979033
0,0,0.3891090053417652
1,1,0.5399907923236263
1,1,0.7976190103973226
1,1,0.8494230132053527
0,0,0.44775461829806745
1,0,0.4419259012255439
1,1,0.5866751152236501
0,1,0.5773289654958886
1,0,0.47813618809247344
1,1,0.5881753645153474
0,0,0.39633611288415976
1,1,0.7055365560094695
1,1,0.6599462143656214
1,0,0.39285987779174164
1,1,0.7755522666496187
0,1,0.6326953894767732
0,1,0.5576521177387703
0,1,0.6890356099184186
1,1,0.6017982478936436
0,1,0.6316478474228058
0,0,0.3966541045608597
1,1,0.609442721380359
1,0,0.3441829201893919
1,1,0.5467918639963725
1,1,0.5551003189508793
1,1,0.5571929714501983
0,0,0.388539031496055
0,1,0.7762296693575772
1,1,0.5880282850979124
0,0,0.216212374035238
1,1,0.7853312162936615
0,1,0.5083956595884015
1,1,0.6970001213645424
1,1,0.5314224744934333
0,1,0.6566288657463828
1,1,0.6326429217624262
0,1,0.6435214706757809
1,0,0.3110205031013016
0,1,0.5867504298067563
0,1,0.5430819688478511
0,1,0.5722344244197989
0,1,0.6311920739069704
0,0,0.3606642138041128
1,0,0.43250653842823994
0,1,0.5335538296944948
0,1,0.6130036241353054
0,0,0.46562771438151407
1,1,0.6344548857443341
0,1,0.6535219813872167
0,1,0.5471783320547384
0,1,0.6312732527335991
1,1,0.5139787972667371
1,1,0.8578296257479971
1,1,0.7458445958577247
1,1,0.7560665410557162
1,1,0.6990951141097639
1,1,0.54317299854269
1,1,0.6010613401218265
1,1,0.6241401226664718
1,0,0.49848204669111956
1,1,0.8230057682647555
0,1,0.643806441545997
1,1,0.6591755222448729
1,1,0.5985563967593489
1,0,0.4716857978163968
1,1,0.6187913755506803
1,1,0.7115851226078211
0,1,0.6525171637104356
0,1,0.5860627237815111
0,1,0.6369559683512628
1,1,0.6574431643832379
1,1,0.5520527101215406
1,1,0.6629775061657529
0,1,0.5615839997329064
1,1,0.7081250210046219
1,1,0.752856322912138
1,1,0.6094705869532809
1,1,0.7098016662094782
1,1,0.5189335965684357
0,1,0.5181497506047912
1,0,0.4080843062311915
1,1,0.7425084667122399
0,0,0.2516531258264784
0,0,0.4145331813340826
1,1,0.7554694925308367
1,1,0.5765897389964743
0,1,0.5887567433493764
1,0,0.3928080180034585
0,1,0.6331445649388185
1,0,0.4508600623891821
0,1,0.5511085164307056
1,1,0.752390169121403
1,1,0.6869785375619467
1,1,0.5742878808198426
1,1,0.6900171306011282
1,0,0.406632701399712
0,1,0.5345372311519919
0,1,0.6036141240117665
0,1,0.5026145411067784
1,1,0.6994657895974935
1,1,0.5478859680586894
0,1,0.6376292159611765
0,1,0.5797365484099298
1,1,0.6342041691652437
1,1,0.6148272857234155
1,1,0.5231224696855816
0,1,0.593309092906313
1,1,0.6752956189430885
0,1,0.6799203711969397
1,1,0.6301485086954862
1,1,0.7344158280905791
1,0,0.4536692469134417
1,1,0.5117735093911767
1,1,0.7411550623699584
1,1,0.5812738755129377
1,1,0.7806956865862793
0,1,0.7058455625832191
0,1,0.5959260947355424
0,1,0.7450861461320311
1,0,0.478139213659828
1,1,0.616863953692234
1,1,0.5485962677399789
0,1,0.7466645698933724
1,1,0.5791195671760473
0,0,0.46097234672760506
0,0,0.47888973996095535
1,1,0.5499366602729706
1,1,0.6974690873716421
1,1,0.5125860577725225
0,1,0.7811203411660398
1,1,0.5304983091639452
0,1,0.6532489724626567
1,1,0.6729779452327616
0,1,0.562420633462624
0,1,0.6932534117794676
1,1,0.7691491527442185
0,0,0.29785277323211345
0,1,0.7191075118376314
1,1,0.8316793914884084
1,1,0.7528037538032538
0,1,0.7171729122428401
1,1,0.6815557140291427
0,1,0.5003901377244524
1,1,0.5874102436756465
1,0,0.4768544257633275
0,1,0.5560869312514456
0,1,0.6684236287396784
0,1,0.5734229344653329
1,1,0.6789956701608862
1,0,0.4836040199023028
1,1,0.5190281455480511
0,1,0.6459047449271149
0,1,0.5396710570950707
0,0,0.42313120030500057
0,1,0.5277738611751839
0,1,0.6576326153061999
1,1,0.6267452607288317
0,0,0.3310738014072785
0,0,0.40761216701138836
0,1,0.5450816516965343
0,1,0.5546037379679137
0,1,0.6722022300583216
0,1,0.6043318611363069
1,1,0.7272990414133704
1,1,0.7156073642336485
1,1,0.5660363834128824
1,1,0.7876116027635489
1,1,0.7546051845978503
0,1,0.5849282702210226
1,1,0.7366694337549956
0,1,0.6150370699522686
0,1,0.6124108691053585
1,1,0.6988454886565517
1,1,0.5856663491109666
1,1,0.5861370890209123
1,1,0.6077732061373982
0,1,0.603976946300583
1,1,0.5869865614580749
1,1,0.7355366746487831
1,1,0.7707287761294646
1,1,0.6681105050338796
1,1,0.7607841785560464
1,0,0.4764207560580851
1,1,0.5538691829099652
1,1,0.5709998033648186
0,0,0.4892940118831637
1,1,0.6401722702503154
0,1,0.5341417500804249
1,1,0.592842449755538
1,1,0.6241709787904629
0,1,0.5109819500551203
0,1,0.608400537176637
1,1,0.6926212121932551
0,1,0.7303903093645943
0,1,0.7721536453729171
0,1,0.7727501357944785
1,1,0.645637359039593
0,0,0.4742681231860292
1,1,0.7471506727533197
1,1,0.7763938803930444
0,1,0.5648880094314623
0,1,0.5405494147108569
1,1,0.7711459797171052
0,1,0.623598575430509
0,1,0.5742195893511274
0,0,0.423161507140427
0,1,0.6906841727691619
1,0,0.49043604594935347
1,0,0.49145597962719484
0,1,0.6280323437842361
0,1,0.5711915985157769
0,1,0.516370623424296
0,0,0.40487456362299634
1,1,0.6976604299098464
1,0,0.45339234006735213
1,1,0.5388077423476811
0,0,0.3493205810302691
0,1,0.5850015391598216
1,1,0.7009852989489361
1,1,0.52576580249809
1,0,0.4612328627461731
0,1,0.55832925323243
0,1,0.6755392877946009
1,1,0.6629521713864373
0,1,0.5292438646710973
1,1,0.6504389616979814
0,1,0.6758773767480006
1,1,0.7933894758752641
0,1,0.5447820072235487
1,1,0.604863146506247
0,1,0.63418646769934
1,1,0.6443347577667786
0,0,0.35472214368782956
1,1,0.5601439293919058
0,0,0.47101934724337163
1,0,0.4787754703382574
